cell_type,n_genes_tested,n_age_up_q05,n_age_down_q05,top_age_up_genes,top_age_down_genes,min_donor_coverage,max_donor_coverage,composition_age_effect,composition_standard_error_HC3,composition_ci_low_95,composition_ci_high_95,composition_p_value,composition_q_value_BH,composition_n_donors,effect_interpretation,top_gene_celltype_predictors,n_transformer_tokens,pathway_evidence_overlap
B,7287,104,158,EEF1B2; TPT1; RPS12; RPS14; RPL3; TOMM7; RPL21; RPS27A; MT-CYB; RPL9; RPLP2; RPL13,OAS1; CLEC2D; VAMP5; IFI44; FCRL4; SAMD9L; FCRL5; ISG15; USP18; U62317.5; IFI6; PARP9,17,17,0.72454168085635,0.1383734579622062,0.4296056367652707,1.0194777249474292,0.0001005657057045,0.0019107484083867,18,CLR log-ratio effect per 1 SD age; sex-adjusted,CACYBP; CLEC2D; EHMT2; G3BP1; IGLV1-36; STX7; NUDCD2; PLSCR1; OAS1; AC009118.2,147.0,Immune System R-HSA-168256; Cytokine Signaling In Immune System R-HSA-1280215; Interferon Signaling R-HSA-913531; Interferon Alpha/Beta Signaling R-HSA-909733; Metabolism Of Proteins R-HSA-392499; Defense Response To Virus (GO:0051607); Coronavirus disease; Eukaryotic Translation Elongation R-HSA-156842
DC,7570,0,0,,,10,10,0.0145820463933561,0.1832964093247832,-0.3761050019646919,0.4052690947514041,0.9376432730571888,0.9376432730571888,18,CLR log-ratio effect per 1 SD age; sex-adjusted,,,
DN,11506,21,6,CXCL14; LRFN2; VCAN; GSN; TMEM136; CEACAM21; CLEC11A; NLRC3; MGLL; CFD; SPARCL1; DCN,PCLAF; HSD17B12; NCAPD2; RRM1; WDR76; HMGA1,17,17,-0.6890278587489089,0.3107821653137396,-1.3514443637749625,-0.0266113537228555,0.0424865014213782,0.1009054408757733,18,CLR log-ratio effect per 1 SD age; sex-adjusted,IGFBP4; CARD6; SPAG6; RAP2B; CEACAM21; LENG1; TMEM219; C9ORF78; PPP3CC; FAM66D,31.0,Regulation Of Cell Population Proliferation (GO:0042127); Signal Transduction R-HSA-162582; DNA Damage Response (GO:0006974); DNA Synthesis Involved In DNA Repair (GO:0000731); DNA Metabolic Process (GO:0006259); Immune System R-HSA-168256; Coronavirus disease; Axon Guidance R-HSA-422475
DP,13334,48,2,IGFBP5; CFD; MYOC; GPX3; IGFBP7; SPARCL1; PDK4; COL6A2; GSN; DPT; LAMC1; DCN,CCL25; CHD1L,18,18,-0.6259031233021626,0.2703431485284371,-1.2021259043782988,-0.0496803422260263,0.0351734693852789,0.0957534605998927,18,CLR log-ratio effect per 1 SD age; sex-adjusted,EPN2; RAMP2-AS1; CXCR3; AL354696.2; SLC25A43; AL645728.1; SCML2; ACYP1; AC005037.1; PDK4,11.0,Metabolism Of Proteins R-HSA-392499; Signal Transduction R-HSA-162582; Negative Regulation Of Cell Population Proliferation (GO:0008285); Regulation Of Insulin-Like Growth Factor Receptor Signaling Pathway (GO:0043567); Regulation Of IGF Transport And Uptake By IGFBPs R-HSA-381426; Regulation Of Signal Transduction (GO:0009966); Post-translational Protein Modification R-HSA-597592; Regulation Of Smooth Muscle Cell Proliferation (GO:0048660)
Fibroblast,8525,1,0,BLVRB,,13,13,0.8498348129915867,0.2603014036773974,0.2950155044148261,1.4046541215683472,0.0052223684319142,0.0248062500515925,18,CLR log-ratio effect per 1 SD age; sex-adjusted,BLVRB; COL5A2,2.0,Cellular Responses To Stimuli R-HSA-8953897; Cellular Responses To Stress R-HSA-2262752; Metabolism R-HSA-1430728; Cellular Response To Chemical Stress R-HSA-9711123; Cytoprotection By HMOX1 R-HSA-9707564; Heme Degradation R-HSA-189483; Heme Catabolic Process (GO:0042167); Porphyrin-Containing Compound Catabolic Process (GO:0006787)
GammaDelta_T,3954,0,1,,ID3,11,11,-0.4382624536741578,0.2208973152899208,-0.9090939359642344,0.0325690286159185,0.0658641725578548,0.1390465865110269,18,CLR log-ratio effect per 1 SD age; sex-adjusted,USP28; PPIA; C1ORF56; RPL10; FKBP15; NDUFV3; AP001412.1; CHRAC1; U2SURP; PPP1R10,17.0,
NKT_like,3351,103,155,NKG7; MYL12A; IQGAP1; TOMM7; GIMAP4; KLF6; SRGN; S100A6; GBP5; HLA-F; CST7; FCRL6,TRBV10-3; LDLRAD4; SMIM24; FAM118A; NCF1; SPINT2; ISG15; OAS1; TIAM1; EPHX2; GNG4; IFIT1,10,10,-0.0458137703317328,0.1931858487281192,-0.4575796598118621,0.3659521191483964,0.815749830723437,0.9117203990438414,18,CLR log-ratio effect per 1 SD age; sex-adjusted,TOMM7,1.0,Immune System R-HSA-168256; Cytokine Signaling In Immune System R-HSA-1280215; Defense Response To Symbiont (GO:0140546); Defense Response To Virus (GO:0051607); Regulation Of Transcription By RNA Polymerase II (GO:0006357); Regulation Of DNA-templated Transcription (GO:0006355); Protein Modification By Small Protein Conjugation (GO:0032446); Interferon Signaling R-HSA-913531
SP_CD4,9401,826,836,DHRS7; TSPO; KLF6; CTSA; S100A4; CAST; TNIP1; CD63; CASP8; FKBP11; PLP2; MEI1,NDFIP2; PXYLP1; RNF144B; HEMGN; SNCA; ERVH48-1; MKI67; SYK; ZBTB18; MPP1; CDKN2C; CBX8,18,18,0.1005099265645653,0.1571583345144534,-0.2344651341171977,0.4354849872463284,0.5321147292517963,0.6861393423681144,18,CLR log-ratio effect per 1 SD age; sex-adjusted,SEL1L3; TCEA3; LINC00944; CDC42SE2; SPART; DSEL; PUS3; AC024909.2; NRROS; AGPAT1,108.0,Immune System R-HSA-168256; Metabolism Of Proteins R-HSA-392499; Developmental Biology R-HSA-1266738; Metabolism R-HSA-1430728; Cellular Responses To Stimuli R-HSA-8953897; Cellular Responses To Stress R-HSA-2262752; Axon Guidance R-HSA-422475
SP_CD8,8874,188,215,KLF6; AHNAK; CASP8; PPP2R5C; HCST; MT-ND2; MEI1; MT-ND4; SLC9A3R1; MT-ND1; IDS; IL10RA,BCL11B; DGKA; EFNA1; GNG8; GPC2; TBXAS1; LINC01550; HSF2; ERV3-1; CD38; ABLIM1; BCL7A,18,18,0.1639493838746006,0.1227343902424284,-0.0976527764321795,0.4255515441813809,0.2015276965379419,0.2945404795554535,18,CLR log-ratio effect per 1 SD age; sex-adjusted,DTHD1; NINL; CAPN12; CTSF; OCLN; AF213884.3; AMZ2; VSIG1; KLHL33; SIGIRR,48.0,Immune System R-HSA-168256; Regulation Of Transcription By RNA Polymerase II (GO:0006357); Metabolism Of Proteins R-HSA-392499; Innate Immune System R-HSA-168249; Signal Transduction R-HSA-162582; Interferon Signaling R-HSA-913531; Cytokine Signaling In Immune System R-HSA-1280215
TEC,7103,223,343,ISLR; HEY1; IGFBP7; ISYNA1; CCND1; SPRY1; MB; RBP1; ID1; COL22A1; RGS17; ZACN,GPNMB; METTL26; PNMA8B; AATBC; AL390729.1; HPGD; PGAM1; RBP5; LY75; MUC3A; PSMA3; DIAPH2,12,12,-1.1467173312644547,0.3437432556305578,-1.8793887372674447,-0.4140459252614643,0.0045133769262835,0.0248062500515925,18,CLR log-ratio effect per 1 SD age; sex-adjusted,RNASE7; METTL26; RBP5,3.0,Cellular Responses To Stimuli R-HSA-8953897; Cellular Responses To Stress R-HSA-2262752; Metabolism R-HSA-1430728; Immune System R-HSA-168256; Cytokine Signaling In Immune System R-HSA-1280215; Metabolism Of Proteins R-HSA-392499; Cellular Response To Chemical Stress R-HSA-9711123; Metabolism Of RNA R-HSA-8953854
Treg,5082,83,129,RPL3; CD52; RPL14; C12ORF57; RPL4; RPS3; MT-CYB; EEF1D; RAP2B; SORL1; TOMM7; RPS19,SPATS2L; USP18; IFIH1; PTGIR; CCDC50; AL606807.1; ATOX1; IL12RB2; LAPTM4B; MT1E; IFI44L; MZB1,18,18,0.2530291365617029,0.1498689902999205,-0.0664090547065651,0.572467327829971,0.1120218593587617,0.1973570984413197,18,CLR log-ratio effect per 1 SD age; sex-adjusted,P2RY8; LENG1; EEF1D; RPL14; EPN2; TPD52; MDN1; GSAP; COX16; TOMM7,26.0,Immune System R-HSA-168256; Cytokine Signaling In Immune System R-HSA-1280215; Interferon Signaling R-HSA-913531; Eukaryotic Translation Elongation R-HSA-156842; Metabolism Of Proteins R-HSA-392499; Macromolecule Biosynthetic Process (GO:0009059); Translation R-HSA-72766; Translation (GO:0006412)
