donor_id,gsm_ids,age_years,sex,platform,sample_preparation,n_thymus_libraries,replicate_library_ids,has_replicate_libraries,total_cells_preQC,total_cells_postQC,included_primary_analysis,exclusion_reason,diagnosis,source__diagnosis,surgical_collection_indication,source__surgical_collection_indication,health_comorbidity,source__health_comorbidity,procurement_site,source__procurement_site,procurement_method,source__procurement_method,processing_time,source__processing_time,library_batch,source__library_batch,sequencing_batch,source__sequencing_batch,missing_reason__diagnosis,missing_reason__surgical_collection_indication,missing_reason__health_comorbidity,missing_reason__procurement_site,missing_reason__procurement_method,missing_reason__processing_time,missing_reason__library_batch,missing_reason__sequencing_batch,missing_reason__total_cells_postQC,missing_data_reasons,cohort,outer_fold,model,chronological_age,elasticnet_OOF_predicted_age,absolute_error,expected_OOF_prediction_given_age_LOO,raw_age_gap_years,thymic_age_deviation_years,internal_thymic_biological_age,deviation_percentile_within_18_donors,sex_score,binary_task_group,HumanThymusFormer_strict_OOF_predicted_age,model_prediction_difference_EN_minus_HTF,score_scope,composition_status
donor13,GSM8945768,4.0,Female,GPL24676,combined_CD45pos_CD45neg_6to4,1,,False,7494,6653,True,,,,,,,,,,,,,,,,,,not available in current public metadata,not available in current public metadata,not available in current public metadata,not available in current public metadata,not available in current public metadata,not available in current public metadata,not available in current public metadata,not available in current public metadata,,diagnosis: not available in current public metadata; surgical_collection_indication: not available in current public metadata; health_comorbidity: not available in current public metadata; procurement_site: not available in current public metadata; procurement_method: not available in current public metadata; processing_time: not available in current public metadata; library_batch: not available in current public metadata; sequencing_batch: not available in current public metadata,primary_18_donors,5,ElasticNet,4.0,21.40289284905013,17.402892849050126,20.109100633882424,17.40289284905013,1.2937922151677057,5.293792215167706,55.55555555555556,Female,Young_binary,10.779606195355434,10.623286653694697,internal proof-of-concept; not clinically validated,source table not present in local bundle
donor4,GSM8945752,5.0,Female,GPL24676,combined_CD45pos_CD45neg_6to4,1,,False,11544,9921,True,,,,,,,,,,,,,,,,,,not available in current public metadata,not available in current public metadata,not available in current public metadata,not available in current public metadata,not available in current public metadata,not available in current public metadata,not available in current public metadata,not available in current public metadata,,diagnosis: not available in current public metadata; surgical_collection_indication: not available in current public metadata; health_comorbidity: not available in current public metadata; procurement_site: not available in current public metadata; procurement_method: not available in current public metadata; processing_time: not available in current public metadata; library_batch: not available in current public metadata; sequencing_batch: not available in current public metadata,primary_18_donors,13,ElasticNet,5.0,23.294601875828064,18.294601875828064,20.343212613677075,18.294601875828064,2.9513892621509896,7.95138926215099,61.11111111111112,Female,Young_binary,13.91705653100114,9.377545344826924,internal proof-of-concept; not clinically validated,source table not present in local bundle
donor11,GSM8945764,9.0,Male,GPL24676,combined_CD45pos_CD45neg_6to4,1,,False,7479,6620,True,,,,,,,,,,,,,,,,,,not available in current public metadata,not available in current public metadata,not available in current public metadata,not available in current public metadata,not available in current public metadata,not available in current public metadata,not available in current public metadata,not available in current public metadata,,diagnosis: not available in current public metadata; surgical_collection_indication: not available in current public metadata; health_comorbidity: not available in current public metadata; procurement_site: not available in current public metadata; procurement_method: not available in current public metadata; processing_time: not available in current public metadata; library_batch: not available in current public metadata; sequencing_batch: not available in current public metadata,primary_18_donors,3,ElasticNet,9.0,23.057897296760327,14.057897296760329,22.89732620308997,14.057897296760329,0.1605710936703559,9.160571093670356,50.0,Male,Young_binary,14.75141482510983,8.306482471650497,internal proof-of-concept; not clinically validated,source table not present in local bundle
donor5,GSM8945753,12.0,Female,GPL24676,combined_CD45pos_CD45neg_6to4,1,,False,8342,7146,True,,,,,,,,,,,,,,,,,,not available in current public metadata,not available in current public metadata,not available in current public metadata,not available in current public metadata,not available in current public metadata,not available in current public metadata,not available in current public metadata,not available in current public metadata,,diagnosis: not available in current public metadata; surgical_collection_indication: not available in current public metadata; health_comorbidity: not available in current public metadata; procurement_site: not available in current public metadata; procurement_method: not available in current public metadata; processing_time: not available in current public metadata; library_batch: not available in current public metadata; sequencing_batch: not available in current public metadata,primary_18_donors,14,ElasticNet,12.0,21.10227843110128,9.102278431101276,24.946037718209105,9.10227843110128,-3.843759287107826,8.156240712892174,33.33333333333333,Female,Young_binary,12.858872756530127,8.243405674571152,internal proof-of-concept; not clinically validated,source table not present in local bundle
donor17,GSM8945775,21.0,Female,GPL24676,combined_CD45pos_CD45neg_6to4,1,,False,7007,6127,True,,,,,,,,,,,,,,,,,,not available in current public metadata,not available in current public metadata,not available in current public metadata,not available in current public metadata,not available in current public metadata,not available in current public metadata,not available in current public metadata,not available in current public metadata,,diagnosis: not available in current public metadata; surgical_collection_indication: not available in current public metadata; health_comorbidity: not available in current public metadata; procurement_site: not available in current public metadata; procurement_method: not available in current public metadata; processing_time: not available in current public metadata; library_batch: not available in current public metadata; sequencing_batch: not available in current public metadata,primary_18_donors,9,ElasticNet,21.0,22.2895643774946,1.289564377494596,29.69177861004727,1.2895643774945995,-7.402214232552669,13.59778576744733,16.666666666666664,Female,,12.256085093925623,10.033479283568976,internal proof-of-concept; not clinically validated,source table not present in local bundle
donor12,GSM8945766,22.0,Male,GPL24676,combined_CD45pos_CD45neg_6to4,1,,False,5252,4696,True,,,,,,,,,,,,,,,,,,not available in current public metadata,not available in current public metadata,not available in current public metadata,not available in current public metadata,not available in current public metadata,not available in current public metadata,not available in current public metadata,not available in current public metadata,,diagnosis: not available in current public metadata; surgical_collection_indication: not available in current public metadata; health_comorbidity: not available in current public metadata; procurement_site: not available in current public metadata; procurement_method: not available in current public metadata; processing_time: not available in current public metadata; library_batch: not available in current public metadata; sequencing_batch: not available in current public metadata,primary_18_donors,4,ElasticNet,22.0,35.26101531793635,13.261015317936348,29.1413450788362,13.261015317936348,6.119670239100152,28.119670239100152,77.77777777777779,Male,,33.98828525992153,1.272730058014815,internal proof-of-concept; not clinically validated,source table not present in local bundle
donor3,GSM8945751,24.0,Female,GPL24676,combined_CD45pos_CD45neg_6to4,1,,False,7766,5629,True,,,,,,,,,,,,,,,,,,not available in current public metadata,not available in current public metadata,not available in current public metadata,not available in current public metadata,not available in current public metadata,not available in current public metadata,not available in current public metadata,not available in current public metadata,,diagnosis: not available in current public metadata; surgical_collection_indication: not available in current public metadata; health_comorbidity: not available in current public metadata; procurement_site: not available in current public metadata; procurement_method: not available in current public metadata; processing_time: not available in current public metadata; library_batch: not available in current public metadata; sequencing_batch: not available in current public metadata,primary_18_donors,12,ElasticNet,24.0,28.164163811185773,4.164163811185773,30.828477524475208,4.164163811185773,-2.6643137132894346,21.335686286710565,44.44444444444444,Female,,47.52930359570322,-19.36513978451745,internal proof-of-concept; not clinically validated,source table not present in local bundle
donor9,GSM8945760,24.0,Female,GPL24676,combined_CD45pos_CD45neg_6to4,1,,False,5124,3794,True,,,,,,,,,,,,,,,,,,not available in current public metadata,not available in current public metadata,not available in current public metadata,not available in current public metadata,not available in current public metadata,not available in current public metadata,not available in current public metadata,not available in current public metadata,,diagnosis: not available in current public metadata; surgical_collection_indication: not available in current public metadata; health_comorbidity: not available in current public metadata; procurement_site: not available in current public metadata; procurement_method: not available in current public metadata; processing_time: not available in current public metadata; library_batch: not available in current public metadata; sequencing_batch: not available in current public metadata,primary_18_donors,18,ElasticNet,24.0,39.72275776938264,15.72275776938264,29.952153811669792,15.72275776938264,9.770603957712847,33.77060395771285,100.0,Female,,41.31235019512587,-1.589592425743234,internal proof-of-concept; not clinically validated,source table not present in local bundle
donor10,GSM8945762,35.0,Female,GPL24676,combined_CD45pos_CD45neg_6to4,1,,False,3247,2768,True,,,,,,,,,,,,,,,,,,not available in current public metadata,not available in current public metadata,not available in current public metadata,not available in current public metadata,not available in current public metadata,not available in current public metadata,not available in current public metadata,not available in current public metadata,,diagnosis: not available in current public metadata; surgical_collection_indication: not available in current public metadata; health_comorbidity: not available in current public metadata; procurement_site: not available in current public metadata; procurement_method: not available in current public metadata; processing_time: not available in current public metadata; library_batch: not available in current public metadata; sequencing_batch: not available in current public metadata,primary_18_donors,2,ElasticNet,35.0,30.19590923930204,4.80409076069796,36.66171514953466,-4.80409076069796,-6.465805910232618,28.534194089767382,22.22222222222222,Female,,17.2460997402668,12.94980949903524,internal proof-of-concept; not clinically validated,source table not present in local bundle
donor8,GSM8945758,35.0,Female,GPL24676,combined_CD45pos_CD45neg_6to4,1,,False,6605,5442,True,,,,,,,,,,,,,,,,,,not available in current public metadata,not available in current public metadata,not available in current public metadata,not available in current public metadata,not available in current public metadata,not available in current public metadata,not available in current public metadata,not available in current public metadata,,diagnosis: not available in current public metadata; surgical_collection_indication: not available in current public metadata; health_comorbidity: not available in current public metadata; procurement_site: not available in current public metadata; procurement_method: not available in current public metadata; processing_time: not available in current public metadata; library_batch: not available in current public metadata; sequencing_batch: not available in current public metadata,primary_18_donors,17,ElasticNet,35.0,40.062355951341935,5.062355951341935,36.08064908057823,5.062355951341935,3.981706870763709,38.98170687076371,66.66666666666666,Female,,47.98584070801735,-7.923484756675414,internal proof-of-concept; not clinically validated,source table not present in local bundle
donor6,GSM8945754,35.0,Female,GPL24676,combined_CD45pos_CD45neg_6to4,1,,False,11258,8508,True,,,,,,,,,,,,,,,,,,not available in current public metadata,not available in current public metadata,not available in current public metadata,not available in current public metadata,not available in current public metadata,not available in current public metadata,not available in current public metadata,not available in current public metadata,,diagnosis: not available in current public metadata; surgical_collection_indication: not available in current public metadata; health_comorbidity: not available in current public metadata; procurement_site: not available in current public metadata; procurement_method: not available in current public metadata; processing_time: not available in current public metadata; library_batch: not available in current public metadata; sequencing_batch: not available in current public metadata,primary_18_donors,15,ElasticNet,35.0,28.330949951324875,6.669050048675125,36.771548465809104,-6.669050048675125,-8.440598514484229,26.55940148551577,11.11111111111111,Female,,15.449929654598236,12.88102029672664,internal proof-of-concept; not clinically validated,source table not present in local bundle
donor16,GSM8945774,46.0,Female,GPL24676,combined_CD45pos_CD45neg_6to4,1,,False,7138,6263,True,,,,,,,,,,,,,,,,,,not available in current public metadata,not available in current public metadata,not available in current public metadata,not available in current public metadata,not available in current public metadata,not available in current public metadata,not available in current public metadata,not available in current public metadata,,diagnosis: not available in current public metadata; surgical_collection_indication: not available in current public metadata; health_comorbidity: not available in current public metadata; procurement_site: not available in current public metadata; procurement_method: not available in current public metadata; processing_time: not available in current public metadata; library_batch: not available in current public metadata; sequencing_batch: not available in current public metadata,primary_18_donors,8,ElasticNet,46.0,46.82047271040659,0.820472710406591,41.57211439246055,0.820472710406591,5.2483583179460425,51.24835831794604,72.22222222222221,Female,Old_binary,74.78090435266495,-27.96043164225836,internal proof-of-concept; not clinically validated,source table not present in local bundle
donor2,GSM8945750,48.0,Female,GPL24676,combined_CD45pos_CD45neg_6to4,1,,False,9147,7403,True,,,,,,,,,,,,,,,,,,not available in current public metadata,not available in current public metadata,not available in current public metadata,not available in current public metadata,not available in current public metadata,not available in current public metadata,not available in current public metadata,not available in current public metadata,,diagnosis: not available in current public metadata; surgical_collection_indication: not available in current public metadata; health_comorbidity: not available in current public metadata; procurement_site: not available in current public metadata; procurement_method: not available in current public metadata; processing_time: not available in current public metadata; library_batch: not available in current public metadata; sequencing_batch: not available in current public metadata,primary_18_donors,11,ElasticNet,48.0,39.84623673657899,8.153763263421013,43.272590435205984,-8.153763263421013,-3.426353698626997,44.573646301373,38.88888888888889,Female,Old_binary,39.590311462479065,0.2559252740999227,internal proof-of-concept; not clinically validated,source table not present in local bundle
donor15,GSM8945772,53.0,Male,GPL24676,combined_CD45pos_CD45neg_6to4,1,,False,5681,4968,True,,,,,,,,,,,,,,,,,,not available in current public metadata,not available in current public metadata,not available in current public metadata,not available in current public metadata,not available in current public metadata,not available in current public metadata,not available in current public metadata,not available in current public metadata,,diagnosis: not available in current public metadata; surgical_collection_indication: not available in current public metadata; health_comorbidity: not available in current public metadata; procurement_site: not available in current public metadata; procurement_method: not available in current public metadata; processing_time: not available in current public metadata; library_batch: not available in current public metadata; sequencing_batch: not available in current public metadata,primary_18_donors,7,ElasticNet,53.0,52.79166664015088,0.2083333598491208,44.72540581909187,-0.2083333598491208,8.06626082105901,61.06626082105901,88.88888888888889,Male,Old_binary,34.865536268919335,17.926130371231544,internal proof-of-concept; not clinically validated,source table not present in local bundle
donor7,GSM8945756,56.0,Female,GPL24676,combined_CD45pos_CD45neg_6to4,1,,False,7251,6532,True,,,,,,,,,,,,,,,,,,not available in current public metadata,not available in current public metadata,not available in current public metadata,not available in current public metadata,not available in current public metadata,not available in current public metadata,not available in current public metadata,not available in current public metadata,,diagnosis: not available in current public metadata; surgical_collection_indication: not available in current public metadata; health_comorbidity: not available in current public metadata; procurement_site: not available in current public metadata; procurement_method: not available in current public metadata; processing_time: not available in current public metadata; library_batch: not available in current public metadata; sequencing_batch: not available in current public metadata,primary_18_donors,16,ElasticNet,56.0,33.735652436314744,22.264347563685256,48.95369854454909,-22.264347563685256,-15.21804610823434,40.78195389176566,5.555555555555555,Female,Old_binary,48.56064111487649,-14.824988678561745,internal proof-of-concept; not clinically validated,source table not present in local bundle
donor1,GSM8945749,56.0,Female,GPL24676,combined_CD45pos_CD45neg_6to4,1,,False,5513,4864,True,,,,,,,,,,,,,,,,,,not available in current public metadata,not available in current public metadata,not available in current public metadata,not available in current public metadata,not available in current public metadata,not available in current public metadata,not available in current public metadata,not available in current public metadata,,diagnosis: not available in current public metadata; surgical_collection_indication: not available in current public metadata; health_comorbidity: not available in current public metadata; procurement_site: not available in current public metadata; procurement_method: not available in current public metadata; processing_time: not available in current public metadata; library_batch: not available in current public metadata; sequencing_batch: not available in current public metadata,primary_18_donors,1,ElasticNet,56.0,55.61165968423606,0.3883403157639407,45.93839668714017,-0.3883403157639407,9.67326299709589,65.67326299709589,94.44444444444444,Female,Old_binary,5.390375310888352,50.22128437334771,internal proof-of-concept; not clinically validated,source table not present in local bundle
donor18,GSM8945776,64.0,Female,GPL24676,combined_CD45pos_CD45neg_6to4,1,,False,12298,11141,True,,,,,,,,,,,,,,,,,,not available in current public metadata,not available in current public metadata,not available in current public metadata,not available in current public metadata,not available in current public metadata,not available in current public metadata,not available in current public metadata,not available in current public metadata,,diagnosis: not available in current public metadata; surgical_collection_indication: not available in current public metadata; health_comorbidity: not available in current public metadata; procurement_site: not available in current public metadata; procurement_method: not available in current public metadata; processing_time: not available in current public metadata; library_batch: not available in current public metadata; sequencing_batch: not available in current public metadata,primary_18_donors,10,ElasticNet,64.0,46.42169743341118,17.578302566588818,52.27189733136066,-17.578302566588818,-5.85019989794948,58.14980010205052,27.77777777777778,Female,Old_binary,55.91587469429172,-9.49417726088054,internal proof-of-concept; not clinically validated,source table not present in local bundle
donor14,GSM8945770,69.0,Male,GPL24676,combined_CD45pos_CD45neg_6to4,1,,False,7447,6482,True,,,,,,,,,,,,,,,,,,not available in current public metadata,not available in current public metadata,not available in current public metadata,not available in current public metadata,not available in current public metadata,not available in current public metadata,not available in current public metadata,not available in current public metadata,,diagnosis: not available in current public metadata; surgical_collection_indication: not available in current public metadata; health_comorbidity: not available in current public metadata; procurement_site: not available in current public metadata; procurement_method: not available in current public metadata; processing_time: not available in current public metadata; library_batch: not available in current public metadata; sequencing_batch: not available in current public metadata,primary_18_donors,6,ElasticNet,69.0,59.15000997392673,9.849990026073272,52.26176488713512,-9.849990026073272,6.888245086791606,75.88824508679161,83.33333333333334,Male,Old_binary,54.17746600038919,4.97254397353754,internal proof-of-concept; not clinically validated,source table not present in local bundle
