donor_id,cell_type,captured_fraction,composition_scope
donor13,,,source table not present in the local bundle; export donor_celltype_proportion_all.csv from the server project
donor4,,,source table not present in the local bundle; export donor_celltype_proportion_all.csv from the server project
donor11,,,source table not present in the local bundle; export donor_celltype_proportion_all.csv from the server project
donor5,,,source table not present in the local bundle; export donor_celltype_proportion_all.csv from the server project
donor17,,,source table not present in the local bundle; export donor_celltype_proportion_all.csv from the server project
donor12,,,source table not present in the local bundle; export donor_celltype_proportion_all.csv from the server project
donor3,,,source table not present in the local bundle; export donor_celltype_proportion_all.csv from the server project
donor9,,,source table not present in the local bundle; export donor_celltype_proportion_all.csv from the server project
donor10,,,source table not present in the local bundle; export donor_celltype_proportion_all.csv from the server project
donor8,,,source table not present in the local bundle; export donor_celltype_proportion_all.csv from the server project
donor6,,,source table not present in the local bundle; export donor_celltype_proportion_all.csv from the server project
donor16,,,source table not present in the local bundle; export donor_celltype_proportion_all.csv from the server project
donor2,,,source table not present in the local bundle; export donor_celltype_proportion_all.csv from the server project
donor15,,,source table not present in the local bundle; export donor_celltype_proportion_all.csv from the server project
donor7,,,source table not present in the local bundle; export donor_celltype_proportion_all.csv from the server project
donor1,,,source table not present in the local bundle; export donor_celltype_proportion_all.csv from the server project
donor18,,,source table not present in the local bundle; export donor_celltype_proportion_all.csv from the server project
donor14,,,source table not present in the local bundle; export donor_celltype_proportion_all.csv from the server project
