module	path	bytes	sha256
composition	/data/zxy/projects/human_thymus_age_ML_DL/03_feature_selection/composition_adjusted/composition_results.tsv	11555	987aedaf2167c03555a35bd99ce9fbb0cd27e11a8e05972a31155ad1309baeed
developmental_context	/data/zxy/projects/human_thymus_age_ML_DL/07_external_validation/17_candidate_gene_localization.csv	325181	441a57c5984f0407a586539432854ca3779fe8c13046f88be4d7785feaf71faa
donor_score	/data/zxy/projects/human_thymus_age_ML_DL/05_deep_learning/thymic_aging_score/thymic_aging_score_internal.tsv	5304	55e2cb9785b844c44a55e09dec193f68587cfa1ddf7cd9b7b9db7ad8ecbbf851
donor_manifest	/data/zxy/projects/human_thymus_age_ML_DL/01_raw_processing/metadata/submission_manifest/donor_manifest.csv	17533	bbba9697e293137297ae013ca9fa5b217212f2fddd63c26f49046b8c1714aa02
expression_01	/data/zxy/projects/human_thymus_age_ML_DL/03_feature_selection/limma_adjusted/B_limma_age_sex.csv	740408	58df55c7b7d578f173035ae79c5c144841136db18b7180133d08fb7f4ae46085
expression_02	/data/zxy/projects/human_thymus_age_ML_DL/03_feature_selection/limma_adjusted/DC_limma_age_sex.csv	765854	9c10b898d86dde68065d3a40ef8a2cdcbdd9f91ec7ad6df9f0c5b689b626949d
expression_03	/data/zxy/projects/human_thymus_age_ML_DL/03_feature_selection/limma_adjusted/DN_limma_age_sex.csv	1172170	e87cbdbf01c26ac21f1d05949a7d0a984047581dafc7be33b9787930cf2ae5cb
expression_04	/data/zxy/projects/human_thymus_age_ML_DL/03_feature_selection/limma_adjusted/DP_limma_age_sex.csv	1365019	c9a2e9f5a46609e9f8909f616b50568e01961b0e00242e4c9ce8bbb1792c384a
expression_05	/data/zxy/projects/human_thymus_age_ML_DL/03_feature_selection/limma_adjusted/Fibroblast_limma_age_sex.csv	862970	d553719af8d24405213bf5a8c43f9b735c62798802281458764fbf2c23b72ad5
expression_06	/data/zxy/projects/human_thymus_age_ML_DL/03_feature_selection/limma_adjusted/GammaDelta_T_limma_age_sex.csv	400717	d092ebef33517fd557ce71b97c9b79ed82285c8c5679ed5a482339912c83b0a4
expression_07	/data/zxy/projects/human_thymus_age_ML_DL/03_feature_selection/limma_adjusted/NKT_like_limma_age_sex.csv	339222	4085c333541a88432641d7dfcf5dbee7f01a46d3cc276e73ac04b55544817731
expression_08	/data/zxy/projects/human_thymus_age_ML_DL/03_feature_selection/limma_adjusted/SP_CD4_limma_age_sex.csv	958299	46fc05bc1fdc0a14fb3c5b4f23dde9b0dfd79c930bb8b003e8e1cc33cbed41f6
expression_09	/data/zxy/projects/human_thymus_age_ML_DL/03_feature_selection/limma_adjusted/SP_CD8_limma_age_sex.csv	902234	60cea33353c054b9c6803d1054c2483aaaefa1fd3f4566d14854808bcea5024e
expression_10	/data/zxy/projects/human_thymus_age_ML_DL/03_feature_selection/limma_adjusted/TEC_limma_age_sex.csv	718384	b244cc2f35a6cec565eb7d3fdd3f1795a296b7341eeb92ac367faff8cabc4e73
expression_11	/data/zxy/projects/human_thymus_age_ML_DL/03_feature_selection/limma_adjusted/Treg_limma_age_sex.csv	515789	5038a7c1e0bf027eec6b0507e44c335bc43066f60792e8655922618927cff27e
expression_12	/data/zxy/projects/human_thymus_age_ML_DL/03_feature_selection/limma_adjusted/whole_thymus_limma_age_sex.csv	1761051	b58c79f9aaad5e59d0c1546acc4282dddc2fe940100fb90d01832e6889eb6a9c
pathway_01	/data/zxy/projects/human_thymus_age_ML_DL/06_interpretation/16_pathway_enrichment_ML.csv	737066	f0f519b0aa7f7e2196e0d29ba615b90b6b99d4960bb36f8ca3b0273f8cb61f79
pathway_02	/data/zxy/projects/human_thymus_age_ML_DL/06_interpretation/16_pathway_enrichment_DL.csv	184989	988819b0a916b223e6ae5556fce7b1517e0c28d4ee39a63399bee59f76893c7a
