logical_name	path	bytes	sha256
donor_manifest	/data/zxy/projects/human_thymus_age_ML_DL/01_raw_processing/metadata/submission_manifest/donor_manifest.csv	17533	bbba9697e293137297ae013ca9fa5b217212f2fddd63c26f49046b8c1714aa02
ml_predictions	/data/zxy/projects/human_thymus_age_ML_DL/04_machine_learning/fully_nested/oof_predictions_all_models.tsv	18312	193c4005f8252b1e580b4f04249da5e8091aeaa18bc3eb62efb8fd272b8ed00a
ml_metrics	/data/zxy/projects/human_thymus_age_ML_DL/04_machine_learning/fully_nested/model_metrics.tsv	1595	84e8d9396eb6cdcd1c7fef1acd1d603bc99b470eed7eed4f08fddfbbfdc95013
ml_ci	/data/zxy/projects/human_thymus_age_ML_DL/04_machine_learning/fully_nested/model_metrics_bootstrap_ci.tsv	2279	d991d3da6a07de4ab838bf19b090b5383a4d97a1f59100462e4b21d4c67444a4
ml_vs_null	/data/zxy/projects/human_thymus_age_ML_DL/04_machine_learning/fully_nested/paired_model_vs_null_MAE.tsv	366	53803ce38d067f9dac72d1eca37a1c38c1e95316686c12296a9ab6a50818e015
ml_ablation	/data/zxy/projects/human_thymus_age_ML_DL/04_machine_learning/fully_nested/nested_ablation_results.tsv	506	4cf25c41de1d7451f575730a61202d9da02a308d6882bb49e2045145bdc4f578
composition	/data/zxy/projects/human_thymus_age_ML_DL/03_feature_selection/composition_adjusted/composition_results.tsv	11555	987aedaf2167c03555a35bd99ce9fbb0cd27e11a8e05972a31155ad1309baeed
composition_sensitivity	/data/zxy/projects/human_thymus_age_ML_DL/03_feature_selection/composition_adjusted/composition_sensitivity_results.tsv	82175	8e18ea36e5a6b7171e20b34233194c50435c1b571a868be7ed5c48346d4d2dfb
composition_dirichlet	/data/zxy/projects/human_thymus_age_ML_DL/03_feature_selection/composition_adjusted/composition_dirichlet_sensitivity.tsv	2760	5638f253bc83e35f61aac364fb795644991eeceb151f0c4dfd5d98e8d59cda61
cross_species	/data/zxy/projects/human_thymus_age_ML_DL/08_mouse_validation/sex_adjusted_descriptive/human_mouse_ortholog_comparison.tsv	176897	d2aeac5d61393b9a4395f1018e1c6955ae40fe378609ed89f9045073a89663da
cross_species_summary	/data/zxy/projects/human_thymus_age_ML_DL/08_mouse_validation/sex_adjusted_descriptive/28_cross_species_descriptive_summary.tsv	1026	62654c0b3af739eb0a6ab8319a0ee608a0882aafc653191210e9e69c41a4e7fd
expression_sensitivity	/data/zxy/projects/human_thymus_age_ML_DL/03_feature_selection/expression_sensitivity/expression_sensitivity_summary.tsv	602	84dacf5bf2523f84f5b0c6a198e854c52aba26d29340a64c8e7b78a416deeab1
