family,atlas_level2,n_donors,n_donors_detected,n_cells,beta_age_per_sd_logit,se_hc3,ci_low_95,ci_high_95,p_value,spearman_rho_descriptive,spearman_p_descriptive,analysis_scope,q_value_within_family
Stromal vascular,Endothelial,18,16,615,-0.32321831633325476,0.5329776734027987,-1.3678353607666915,0.7213987281001821,0.5442234405112264,-0.04350092262884221,0.8639176605160023,exploratory sex-adjusted within-lineage logit-fraction model; HC3 uncertainty,0.5442234405112267
Stromal vascular,Fibroblast and VSMC,18,18,2967,0.3232183163332545,0.5329776734027986,-0.7213987281001821,1.367835360766691,0.5442234405112267,0.04350092262884221,0.8639176605160023,exploratory sex-adjusted within-lineage logit-fraction model; HC3 uncertainty,0.5442234405112267
T lineage,Cycling DN,18,17,1503,-0.5594768058587953,0.34640550268926446,-1.2384191151762465,0.11946550345865581,0.10629074208367305,-0.4337495037029961,0.07212081040089457,exploratory sex-adjusted within-lineage logit-fraction model; HC3 uncertainty,0.19486636048673395
T lineage,HSP-associated DP,18,18,1303,-0.4834390060740289,0.28088794409543644,-1.0339692601925843,0.0670912480445266,0.08523089304148014,-0.27225804170378987,0.2744025228213971,exploratory sex-adjusted within-lineage logit-fraction model; HC3 uncertainty,0.19486636048673395
T lineage,Alpha-beta entry,18,17,4885,-0.4763533871543495,0.41018454763762796,-1.2803003275389544,0.3275935532302554,0.2455139017061947,-0.5807481421894529,0.011497218235634956,exploratory sex-adjusted within-lineage logit-fraction model; HC3 uncertainty,0.2455139017061947
T lineage,Cycling DP,18,18,13163,-0.4522090194570155,0.27821672729964814,-0.9975037848609275,0.09308574594689645,0.10408076115013999,-0.6035225791380591,0.008003839162522647,exploratory sex-adjusted within-lineage logit-fraction model; HC3 uncertainty,0.19486636048673395
T lineage,Quiescent DP,18,18,46729,-0.380977656877931,0.2789587574832054,-0.927726774717057,0.16577146096119494,0.17202900010577304,-0.31056050384462724,0.20973193617189104,exploratory sex-adjusted within-lineage logit-fraction model; HC3 uncertainty,0.23653987514543792
T lineage,Early DN-like,18,18,5213,-0.3343020437711377,0.2763298222465573,-0.8758985432287449,0.20729445568646954,0.2263581119170316,-0.3385109491906437,0.1694267486574051,exploratory sex-adjusted within-lineage logit-fraction model; HC3 uncertainty,0.2455139017061947
T lineage,ISP-like,18,17,192,-0.31405650926894507,0.21859744918764806,-0.7424996367890597,0.11438661825116964,0.15080643577291875,-0.3602501844597676,0.1419614486634148,exploratory sex-adjusted within-lineage logit-fraction model; HC3 uncertainty,0.23653987514543792
T lineage,Treg and agonist,18,18,7637,0.13330090366782116,0.10425099084408705,-0.07102728373920439,0.33762909107484673,0.2010190696371813,0.29192687361394964,0.23981526137880382,exploratory sex-adjusted within-lineage logit-fraction model; HC3 uncertainty,0.2455139017061947
T lineage,Gamma-delta NKT and NK,18,18,1669,0.3169544043429526,0.13263435669369578,0.056995842110669825,0.5769129665752353,0.016862803965666934,0.478263175920726,0.044681653586706185,exploratory sex-adjusted within-lineage logit-fraction model; HC3 uncertainty,0.09274542181116814
T lineage,CD4 SP,18,18,8970,0.48383550328034935,0.24645114876273505,0.000800127756865554,0.9668708788038332,0.049621710241668754,0.5911001589842738,0.009783269946956602,exploratory sex-adjusted within-lineage logit-fraction model; HC3 uncertainty,0.18194627088611878
T lineage,CD8 SP,18,18,6306,0.513647315803375,0.18636750294437787,0.14837372214373185,0.8789209094630182,0.0058495262910399646,0.6470010496763068,0.0037056078617874496,exploratory sex-adjusted within-lineage logit-fraction model; HC3 uncertainty,0.06434478920143961
TEC,cTEC,17,16,545,-0.5800732708478415,0.16902832362440284,-0.9113626975188519,-0.2487838441768312,0.000599565103891878,-0.5064559871146386,0.03802836859133064,exploratory sex-adjusted within-lineage logit-fraction model; HC3 uncertainty,0.000899347655837817
TEC,mTEC,17,16,95,0.4598611608697162,0.2754968362788337,-0.08010271609152564,0.999825037830958,0.09507642568606728,0.18070152938313563,0.48765194699199066,exploratory sex-adjusted within-lineage logit-fraction model; HC3 uncertainty,0.09507642568606728
TEC,Specialized TEC,17,17,352,0.5082220682999401,0.126325808081386,0.2606280341425047,0.7558161024573755,5.743572353849122e-05,0.5408753260447597,0.024967408990598097,exploratory sex-adjusted within-lineage logit-fraction model; HC3 uncertainty,0.00017230717061547367
