donor_id	heldout_fold	chronological_age	predicted_age	absolute_error_years	corrected_gap_years	age_range_extrapolation
donor1	1	56.0	69.9378062633919	13.937806263391906	25.804838159376096	False
donor10	2	35.0	13.371375547976209	21.628624452023796	-22.270399758818076	False
donor11	3	9.0	14.322889344731308	5.322889344731308	-8.586503165334111	False
donor12	4	22.0	36.13540985761655	14.135409857616551	8.411107335672053	False
donor13	5	4.0	21.67124047937264	17.671240479372642	-0.032612266997301	True
donor14	6	69.0	66.1363436152997	2.863656384700306	16.190845119099716	True
donor15	7	53.0	50.115679647164725	2.8843203528352745	6.586550837235578	False
donor16	8	46.0	41.97548717247143	4.024512827528575	1.9098183244592943	False
donor17	9	21.0	17.66428999203112	3.3357100079688813	-10.319065313949432	False
donor18	10	64.0	39.47993659747964	24.52006340252036	-5.149472558888473	False
donor2	11	48.0	24.76845741332697	23.231542586673022	-16.244110078056345	False
donor3	12	24.0	21.035682540290296	2.9643174597097044	-8.453484572308584	False
donor4	13	5.0	30.727987252979048	25.727987252979048	13.328024900218654	False
donor5	14	12.0	26.38060480850411	14.38060480850411	2.349777897347982	False
donor6	15	35.0	19.101847433264247	15.898152566735751	-16.196758846884535	False
donor7	16	56.0	29.864087392225308	26.13591260777469	-16.572317251011818	False
donor8	17	35.0	34.59827348090035	0.4017265190996468	-0.4472246767957983	False
donor9	18	24.0	50.74318666513764	26.74318666513764	22.72004085517208	False
