donor_id,age_years,sex,platform,sample_preparation,n_thymus_libraries,has_replicate_libraries,total_cells_preQC,total_cells_postQC,included_primary_analysis,exclusion_reason,gsm_ids,outer_fold,audit__diagnosis,audit__surgical_collection_indication,audit__health_comorbidity,audit__procurement_site,audit__procurement_method,audit__processing_time,audit__library_batch,audit__sequencing_batch,n_missing_clinical_batch_fields
donor13,4.0,Female,GPL24676,combined_CD45pos_CD45neg_6to4,1,False,7494,6653,True,,GSM8945768,5,NA,NA,NA,NA,NA,NA,NA,NA,8
donor4,5.0,Female,GPL24676,combined_CD45pos_CD45neg_6to4,1,False,11544,9921,True,,GSM8945752,13,NA,NA,NA,NA,NA,NA,NA,NA,8
donor11,9.0,Male,GPL24676,combined_CD45pos_CD45neg_6to4,1,False,7479,6620,True,,GSM8945764,3,NA,NA,NA,NA,NA,NA,NA,NA,8
donor5,12.0,Female,GPL24676,combined_CD45pos_CD45neg_6to4,1,False,8342,7146,True,,GSM8945753,14,NA,NA,NA,NA,NA,NA,NA,NA,8
donor17,21.0,Female,GPL24676,combined_CD45pos_CD45neg_6to4,1,False,7007,6127,True,,GSM8945775,9,NA,NA,NA,NA,NA,NA,NA,NA,8
donor12,22.0,Male,GPL24676,combined_CD45pos_CD45neg_6to4,1,False,5252,4696,True,,GSM8945766,4,NA,NA,NA,NA,NA,NA,NA,NA,8
donor3,24.0,Female,GPL24676,combined_CD45pos_CD45neg_6to4,1,False,7766,5629,True,,GSM8945751,12,NA,NA,NA,NA,NA,NA,NA,NA,8
donor9,24.0,Female,GPL24676,combined_CD45pos_CD45neg_6to4,1,False,5124,3794,True,,GSM8945760,18,NA,NA,NA,NA,NA,NA,NA,NA,8
donor10,35.0,Female,GPL24676,combined_CD45pos_CD45neg_6to4,1,False,3247,2768,True,,GSM8945762,2,NA,NA,NA,NA,NA,NA,NA,NA,8
donor8,35.0,Female,GPL24676,combined_CD45pos_CD45neg_6to4,1,False,6605,5442,True,,GSM8945758,17,NA,NA,NA,NA,NA,NA,NA,NA,8
donor6,35.0,Female,GPL24676,combined_CD45pos_CD45neg_6to4,1,False,11258,8508,True,,GSM8945754,15,NA,NA,NA,NA,NA,NA,NA,NA,8
donor16,46.0,Female,GPL24676,combined_CD45pos_CD45neg_6to4,1,False,7138,6263,True,,GSM8945774,8,NA,NA,NA,NA,NA,NA,NA,NA,8
donor2,48.0,Female,GPL24676,combined_CD45pos_CD45neg_6to4,1,False,9147,7403,True,,GSM8945750,11,NA,NA,NA,NA,NA,NA,NA,NA,8
donor15,53.0,Male,GPL24676,combined_CD45pos_CD45neg_6to4,1,False,5681,4968,True,,GSM8945772,7,NA,NA,NA,NA,NA,NA,NA,NA,8
donor7,56.0,Female,GPL24676,combined_CD45pos_CD45neg_6to4,1,False,7251,6532,True,,GSM8945756,16,NA,NA,NA,NA,NA,NA,NA,NA,8
donor1,56.0,Female,GPL24676,combined_CD45pos_CD45neg_6to4,1,False,5513,4864,True,,GSM8945749,1,NA,NA,NA,NA,NA,NA,NA,NA,8
donor18,64.0,Female,GPL24676,combined_CD45pos_CD45neg_6to4,1,False,12298,11141,True,,GSM8945776,10,NA,NA,NA,NA,NA,NA,NA,NA,8
donor14,69.0,Male,GPL24676,combined_CD45pos_CD45neg_6to4,1,False,7447,6482,True,,GSM8945770,6,NA,NA,NA,NA,NA,NA,NA,NA,8
